"LIBRARYREFERENCE","FOOTPRINT1","FOOTPRINT2","FOOTPRINT3","FOOTPRINT4","FOOTPRINT5","FOOTPRINT6","FOOTPRINT7","COMMENT","CURRENT RATING [A]","DC RESISTANCE [OHM]","DCR","I_MAX","I_SAT","IMPEDANCE [OHM]","IMPEDANCE AT 100 MHZ","LATESTREVISIONDATE","LATESTREVISIONNOTE","MAXIM INTEGRATED","MODEL","PN","POWER","PUBLISHER","Q","RATED CURRENT","RDC","SIZE","TEMP","TOLERANCE","VALUE","VENDOR","VOLTAGE","SHEETPART","DESIGNATOR","DESCRIPTION"
"1N4148WS","SOD-323","","","","","","","=PN","","","","","","","","","","","","1N4148WS","","","","","","","","","","Fairchild","","*","D?","Standard diode, 75V 150mA"
"1PS79SB31","SOD-523","","","","","","","=PN","","","","","","","","","","","","1PS79SB31","","","","","","","","","","NXP","","*","D?","Schottky diode, 30V 200mA"
"20-pin_JTAG/SW","","","","","","","","=PN","","","","","","","","","","","","0702462004","","","","","","","","","","Molex","","*","J?","20-pin JTAG connector"
"2450BM14E0003","BAL-0603-6pin","","","","","","","=PN","","","","","","","","","","","","2450BM14E0003","","","","","","","","","","Johanson","","","B?","2.45 GHz Impedance Matched Balun-Filter"
"5016","5016","TP0875x050","","","","","","TP?","","","","","","","","","","","","","","","","","","","","","","","","*","5016","Single-pad test point"
"74HCT2G04","SOT65P210X110-6N","","","","","","","DNP","","","","","","","","","","","","74HCT2G04GW,125","","","","","","","","","","NXP Semiconductors","","","U?","Dual inverter The 74HC2G04; 74HCT2G04 is a high-speed Si-gate CMOS device."
"760-308-111","","","","","","","","*","","","","","","","","","","","","","","","","","","","","","","","","*","*","Wuerth inductor"
"856561","CSP-5BT","","","","","","","Saw Filter","","","","","","","","","","","","","","","","","","","","","","","","*","U?","TriQuint 1575.42 Mhz Saw Filter"
"AB-RTCMC-32.768kHz-AIGZ-S7","8-CLCC","","","","","","","AB-RTCMC-32.768kHz-AIGZ-S7","","","","","","","","","","","","AB-RTCMC-32.768kHz-AIGZ-S7","","","","","","","","","","Abracon","","*","RTC?","Abracon I2C RTC w/ integrated XO"
"ABM2","ABM2","","","","","","","*","","","","","","","","","","","","","","","","","","","","","12 MHz","","","*","X?","Abracon ABM2 12MHz XO 8.0x4.5x1.4mm"
"ABS06","ABS06","","","","","","","ABS06-32.768kHz","","","","","","","","","","","","ABS06-32.768kHz","","","","","","","","","32.768kHz","Abracon","","*","X?.","Abracon ABS06 32.768kHz XO 2.0x1.2x0.6mm"
"AD5110BCPZ80-500R7","","","","","","","","=PN","","","","","","","","","","","","AD5110BCPZ80-500R7","","","","","","","","","","Analog Devices","","*","U?","80kOhm Digital potentiometer, 128 taps"
"ADA4505-2","8-WLCSP","","","","","","","ADA4505-2","","","","","","","","","","","","","","","","","","","","","","","","*","Op?","Analog Devices Dual Op-Amp"
"ADS1118","ADS1118","","","","","","","ADS1118","","","","","","","","","","","","","","","","","","","","","","","","*","U?","SPI enabled Quad input ADC"
"ADS1256","SOIC-28","","","","","","","*","","","","","","","","","","","","ADS1256","","","","","","","","","","Texas Instruments","","*","U?","24 bit ADC with SPI and Quad differential inputs"
"ADS1282","SOIC-28","","","","","","","*","","","","","","","","","","","","ADS1282","","","","","","","","","","Texas Instruments","","*","U?","31-bit ADC with SPI and 2 differential inputs"
"AM2520ZGC09","AM2520ZGC09","","","","","","","AM2520ZGC09","","","","","","","","","","","","","","","","","","","","","","","","*","LED?","Kingbright Green LED"
"AO3416","SOT-23","","","","","","","=PN","","","","","","","","","","","","AO3416","","","","","","","","","","Alpha and Omega","","*","Q?","N-channel enhancement mode FET"
"APT2012QBC-D","LED_Kingbright","","","","","","","*","","","","","","","","","","","","","","","","","","","","","","","","*","LED?","Kingbright Blue SMT LED"
"APT2012SECK","LED_Kingbright","","","","","","","*","","","","","","","","","","","","","","","","","","","","","","","","*","LED?","Kingbright Orange SMT LED"
"APT2012SGC","LED_Kingbright","","","","","","","*","","","","","","","","","","","","","","","","","","","","","","","","*","LED?","Kingbright Green SMT LED"
"APT2012SRCPRV","LED_Kingbright","","","","","","","*","","","","","","","","","","","","","","","","","","","","","","","","*","LED?","Kingbright Red SMT LED"
"APTL3216ZGC","APTL3216ZGC","","","","","","","APTL3216ZGC","","","","","","","","","","","","","","","","","","","","","","","","*","L?","Kingbright Green SMT LED"
"ASDMB-12.000MHZ-LC-T","ASDMB","","","","","","","ASDMB-12.000MHZ-LC-T","","","","","","","","","","","","ASDMB-12.000MHZ-LC-T","","","","","","","","","","Abracon","","","X?","ASDMB 12MHz Crystal Oscillator"
"AT45DB011D","SOIC-8","","","","","","","=PN","","","","","","","","","","","","DRV2667EVM-CT","","","","","","","","","","Atmel","","*","J?","1Mbit Flash memory, SPI interface 66MHz"
"AT93C46E","SOIC-8","","","","","","","AT93C46E","","","","","","","","","","","","","","","","","","","","","","","","*","U?","Atmel 1KBIT 2MHZ 8SOIC I2C EEPROM"
"Antenna_IFA_pads","Antenna_Pads","","","","","","","*","","","","","","","","","","","","","","","","","","","","","","","","*","A?","PCB pads for external IFA"
"Antenna_meander_2.4GHz","Antenna_meander_2.4GHz","","","","","","","PCB Antenna","","","","","","","","","","","","","","","","","","","","","","","","*","A?","Meander antenna printed on PCB"
"Antenna_meander_2.4GHz_middle","Antenna_meander_2.4GHz_middle","Antenna_meander_2.4GHz_middle_extended_keepout","","","","","","PCB Antenna","","","","","","","","","","","","","","","","","","","","","","","","*","A?","Meander antenna printed on PCB"
"BAL-ST-5pin_DC-Flip","BAL-ST-WLCSP","","","","","","","=PN","","","","","","","","","","","","BAL-NRF02D3","","","","","","","","","","ST","","","B?","50 ohm balun transformer for 2.45GHz ISM"
"BAT54SW","SOT-323","","","","","","","*","","","","","","","","","","","","","","","","","","","","","","","","*","D?","Double shottky diode"
"BH1603FVC","BH1603FVC","","","","","","","=PN","","","","","","","","","","","","BH1603FVC","","","","","","","","","","Rohm","","*","U?","Ambient light sensor IC"
"BPW34","BPW34","","","","","","","BPW34","","","","","","","","","","","","","","","","","","","","","","","","*","PD?","Photodetector"
"BQ27421YZFT-G1A","BGA9C50P3X3_158X162X62","","","","","","","=PN","","","","","","","","","","","","BQ27421YZFT-G1A","","","","","","","","","","TI","","*","U?","TI Fuel Gauge With Integrated Sense Resistor"
"BQ500212A","VQFN-48","","","","","","","*","","","","","","","","","","","","BQ500212A","","","","","","","","","","TI","","*","U?","Wireless power controller for WPC TX A5 or A11"
"BQ51050BYFPR","BGA-28","","","","","","","TI bq51050b","","","","","","","","","","","","","","","","","","","","","","","","*","U?","TI Qi Inductive Charging Receiver with Battery Charging"
"BSS138","SOT-23","","","","","","","*","","","","","","","","","","","","BSS138","","","","","","","","","","Fairchild","","*","Q?","N-channel enhancement mode FET"
"C0827B005F","C0827B005F","","","","","","","*","","","","","","","","","","","","","","","","","","","","","","","","*","M?","JinLong Machinery C0827B005F Vibration Motor"
"CC3200","QFN50P900X900X100_HS-65N","","","","","","","=PN","","","","","","","","","","","","CC3200","","","","","","","","","","TI","","*","U?","TI Wi-FI module"
"CLVBA-FKA-CAEDH8BBB7A363","PLCC4","","","","","","","=PN","","","","","","","","","","","","CLVBA-FKA-CAEDH8BBB7A363","","","","","","","","","","Rohm","","*","LED?","RGB LED 5mA 0604"
"CPH3448-TL-H","CPH3","","","","","","","=PN","","","","","","","","","","","","CPH3448-TL-H","","","","","","","","","","ON Semi","","*","Q?","N-channel enhancement mode Power FET"
"CRS04","CRS04","","","","","","","CRS04","","","","","","","","","","","","","","","","","","","","","","","","*","SD?","Schottky Diode"
"CSD97376Q4M","CSD97376Q4M","","","","","","","=PN","","","","","","","","","","","","CSD97376Q4M","","","","","","","","","","TI","","*","U?","Synchronous Buck NexFET Power Stage"
"C_0.047u_10_16_X7R_0402","CAP0402_SENSE_DVT","","","","","","","=Value","","","","","","","","","","","","EMK105B7473KV-F","","","","","","0402","X7R","10%","0.047u","Taiyo Yuden","16V","*","C?","Chip capacitor"
"C_0.047u_10_50_X7R_0402","CAP0402_SENSE_DVT","","","","","","","=Value","","","","","","","","","","","","C1005X7R1H473K050BB","","","","","","0402","X7R","10%","0.047u","TDK","50V","*","C?","Chip capacitor"
"C_0.068u_10_50_X7R_0402","CAP0402_SENSE_DVT","","","","","","","=Value","","","","","","","","","","","","C1005X7R1H683K050BB","","","","","","0402","X7R","10%","0.068u","TDK","50V","*","C?","Chip capacitor"
"C_0.1u_10_100_X7R_1206","CAP1206_SENSE_DVT","","","","","","","=Value","","","","","","","","","","","","C3216X7R2A104K160AA","","","","","","1206","X7R","10%","0.1u","TDK","100V","*","C?","Chip capacitor"
"C_0.1u_10_10_X5R_0201","CAP0201","","","","","","","=Value","","","","","","","","","","","","LMK063BJ104KP-F","","","","","","0201","X5R","10%","0.1u","Taiyo Yuden","10V","*","C?","Chip capacitor"
"C_0.1u_10_50_NP0_1210","CAP1210","","","","","","","=Value","","","","","","","","","","","","C3225C0G1H104K250AA","","","","","","1210","NP0","10%","0.1u","TDK","50V","*","C?","Chip capacitor"
"C_0.1u_10_50_X7R_0402","CAP0402_SENSE_DVT","","","","","","","=Value","","","","","","","","","","","","UMK105B7104KV-FR","","","","","","0402","X7R","10%","0.1u","Taiyo Yuden","50V","*","C?","Chip capacitor"
"C_0.1u_10_50_X7R_0805","CAP0805_SENSE_DVT","","","","","","","=Value","","","","","","","","","","","","CC0805KRX7R9BB104","","","","","","0805","X7R","10%","0.1u","Yageo","50V","*","C?","Chip capacitor"
"C_0.1u_10_6.3_X5R_0201","CAP0201","","","","","","","=Value","","","","","","","","","","","","JMK063BJ104KP-F","","","","","","0201","X5R","10%","0.1u","Taiyo Yuden","6.3","*","C?","Chip capacitor"
"C_0.1u_20_16_X7R_0603","CAP0603_SENSE_DVT","","","","","","","=Value","","","","","","","","","","","","CL10B104MO8NNNC","","","","","","0603","X7R","20%","0.1u","Samsung","16V","*","C?","Chip capacitor"
"C_0.1u_5_50_C0G_1206","CAP1206_SENSE_DVT","","","","","","","=Value","","","","","","","","","","","","C3216C0G1H104J160AA","","","","","","1206","C0G","5 %","0.1u","TDK","50 V","*","C?","Chip capacitor"
"C_0.22u_10_10_X7R_0402","CAP0402_SENSE_DVT","","","","","","","=Value","","","","","","","","","","","","C1005X7R1A224K050BB","","","","","","0402","X7R","10%","0.22u","TDK","10V","*","C?","Chip capacitor"
"C_0.47u_10_10_X5R_0402","CAP0402_SENSE_DVT","","","","","","","=Value","","","","","","","","","","","","LMK105BJ474KV-F","","","","","","0402","X5R","10%","0.47u","TDK","10V","*","C?","Chip capacitor"
"C_0.47u_10_25_X5R_0402","CAP0402_SENSE_DVT","","","","","","","=Value","","","","","","","","","","","","C1005X5R1E474K050BB","","","","","","0402","X5R","10%","0.47u","TDK","25V","*","C?","Chip capacitor"
"C_10000p_10_100_X7R_0805","CAP0805_SENSE_DVT","","","","","","","=Value","","","","","","","","","","","","C0805C103K1RACTU","","","","","","0805","X7R","10%","10000p","Kemet","100","*","C?","Chip capacitor"
"C_10000p_10_10_X7R_0201","CAP0201","","","","","","","=Value","","","","","","","","","","","","GRM033R71A103KA01D","","","","","","0201","X7R","10%","10000p","Murata","10V","*","C?","Chip capacitor"
"C_10000p_10_50_X7R_0402","CAP0402_SENSE_DVT","","","","","","","=Value","","","","","","","","","","","","UMK105B7103KV-F","","","","","","0402","X7R","10%","10000p","Taiyo Yuden","50","*","C?","Chip capacitor"
"C_10000p_10_50_X7R_0603","CAP0603_SENSE_DVT","Model Name","","","","","","=Value","","","","","","","","","","","","C1608X7R1H103K080AA","","","","","","0603","X7R","10%","10000p","TDK","50","*","C?","Chip capacitor"
"C_10000p_10_6.3_X7R_0201","CAP0201","","","","","","","=Value","","","","","","","","","","","","GRM033R70J103KA01D","","","","","","0201","X7R","10%","10000p","Murata","6.3V","*","C?","Chip capacitor"
"C_10000p_10_6.3_X7R_0402","CAP0402_SENSE_DVT","","","","","","","=Value","","","","","","","","","","","","GRM155R70J103KA01D","","","","","","0402","X7R","10%","10000p","Murata","6.3V","*","C?","Chip capacitor"
"C_10000p_1_25_NP0_0603","CAP0603_SENSE_DVT","","","","","","","=Value","","","","","","","","","","","","C0603C103F3GACTU","","","","","","0603","NP0","1%","10000p","Kemet","25V","*","C?","Chip capacitor"
"C_1000p_10_10_X7R_0805","CAP0805_SENSE_DVT","","","","","","","=Value","","","","","","","","","","","","C0805C102K8RACTU","","","","","","0805","X7R","10%","1000p","Kemet","10V","*","C?","Chip capacitor"
"C_1000p_10_25_X7R_0201","CAP0201","","","","","","","=Value","","","","","","","","","","","","TMK063B7102KP-F","","","","","","0201","X7R","10%","1000p","Taiyo Yuden","25V","*","C?","Chip capacitor"
"C_1000p_10_50_X7R_0402","CAP0402_SENSE_DVT","","","","","","","=Value","","","","","","","","","","","","GRM155R71H102KA01D","","","","","","0402","X7R","10%","1000p","Murata","50V","","C?","Chip capacitor"
"C_1000p_10_6.3_X5R_0402","CAP0402_SENSE_DVT","","","","","","","=Value","","","","","","","","","","","","GRM155R60J102KA01D","","","","","","0402","X5R","10%","1000p","Murata","6.3V","*","C?","Chip capacitor"
"C_100p_5_50_C0G_0402","CAP0402_SENSE_DVT","","","","","","","=Value","","","","","","","","","","","","GRM1535C1H101JDD5D","","","","","","0402","C0G","5%","100p","Murata","50V","*","C?","Chip capacitor"
"C_100u_10_16_6032_Tant","Tant_EIA_6032","","","","","","","=Value","","","","","","","","","","","","T491C107K016AT","","","","","","6032","","10%","100u","Kemet","16V","*","C?","Chip capacitor"
"C_100u_20_10_X5R_1206","CAP1206_SENSE_DVT","","","","","","","=Value","","","","","","","","","","","","C3216X5R1A107M160AC","","","","","","1206","X5R","20%","100u","TDK","10V","*","C?","Chip capacitor"
"C_100u_20_6.3_X5R_1206","CAP1206_SENSE_DVT","","","","","","","=Value","","","","","","","","","","","","C3216X5R0J107M160AB","","","","","","1206","X5R","20%","100u","TDK","6.3V","*","C?","Chip capacitor"
"C_10p_1_50_C0G_0201","CAP0201","","","","","","","=Value","","","","","","","","","","","","GRM0335C1H100FA01D","","","","","","0201","C0G","1 %","10 p","Murata","50 V","*","C?","Chip capacitor"
"C_10p_1_50_C0G_0402","CAP0402_SENSE_DVT","","","","","","","=Value","","","","","","","","","","","","GRM1555C1H100FA01D","","","","","","0402","C0G","1 %","10 p","Murata","50 V","*","C?","Chip capacitor"
"C_10u_10_10_X5R_0805","CAP0805_SENSE_DVT","","","","","","","=Value","","","","","","","","","","","","GRM21BR61A106KE19L","","","","","","0805","X5R","10%","10u","Murata","10V","*","C?","Chip capacitor"
"C_10u_10_10_X5R_1210","CAP1210","","","","","","","=Value","","","","","","","","","","","","C1210C106K8PACTU","","","","","","1210","X5R","10%","10u","Kemet","10V","*","C?","Chip capacitor"
"C_10u_10_25_JB_0805","CAP0805_SENSE_DVT","","","","","","","=Value","","","","","","","","","","","","C2012JB1E106K085AC","","","","","","0805","JB","10%","10u","TDK","25V","*","C?","Chip capacitor"
"C_10u_10_6.3_X5R_0603","CAP0603_SENSE_DVT","","","","","","","=Value","","","","","","","","","","","","C1608X5R0J106K080AB","","","","","","0603","X5R","10%","10u","TDK","6.3V","*","C?","Chip capacitor"
"C_10u_20_10_X5R_1206","CAP1206_SENSE_DVT","","","","","","","=Value","","","","","","","","","","","","C3216X5R1A106M","","","","","","1206","X5R","20%","10u","TDK","10V","*","C?","Chip capacitor"
"C_10u_20_20_3528_Tant","Tant_EIA_3528","","","","","","","=Value","","","","","","","","","","","","T494B106M020AT","","","","","","3528","","10%","10u","Kemet","20V","*","C?","Chip capacitor"
"C_10u_20_25_JB_0603","CAP0603_SENSE_DVT","","","","","","","=Value","","","","","","","","","","","","C1608JB1E106M080AC","","","","","","0603","JB","20%","10u","TDK","25V","*","C?","Chip capacitor"
"C_10u_20_6.3_X5R_1206","CAP1206_SENSE_DVT","","","","","","","=Value","","","","","","","","","","","","C3216X5R0J106M/0.85","","","","","","1206","X5R","20%","10u","TDK","6.3V","*","C?","Chip capacitor"
"C_12p_5_25_C0G_0201","CAP0201","","","","","","","=Value","","","","","","","","","","","","GRM0335C1E120JA01D","","","","","","0201","C0G","5%","12p","Murata","25V","*","C?","Chip capacitor"
"C_12p_5_50_NP0_0402","CAP0402_SENSE_DVT","","","","","","","=Value","","","","","","","","","","","","CC0402JRNPO9BN120","","","","","","0402","NP0","5 %","12 p","Yageo","50 V","*","C?","Chip capacitor"
"C_15p_5_16_C0G_0402","CAP0402_SENSE_DVT","","","","","","","=Value","","","","","","","","","","","","C0402C150J4GACTU","","","","","","0402","C0G","5%","15p","Kemet","16V","*","C?","Chip capacitor"
"C_15p_5_25_C0G_0201","CAP0201","","","","","","","=Value","","","","","","","","","","","","GRM0335C1E150JD01D","","","","","","0201","C0G","5%","15p","Murata","25V","*","C?","Chip capacitor"
"C_1800p_10_50_X7R_0402","CAP0402_SENSE_DVT","","","","","","","=Value","","","","","","","","","","","","GRM155R71H182KA01D","","","","","","0402","X7R","10%","1800p","Murata","50V","*","C?","Chip capacitor"
"C_18p_2_25_C0G_0201","CAP0201","","","","","","","=Value","","","","","","","","","","","","C0603C0G1E180G030BG","","","","","","0201","C0G","2 %","18p","TDK","25V","*","C?","Chip capacitor"
"C_1p_0.1_16_C0G_0402","CAP0402_SENSE_DVT","","","","","","","=Value","","","","","","","","","","","","GRM0225C1C1R0BD05L","","","","","","0402","C0G","0.1","1p","Murata","16V","*","C?","Chip capacitor"
"C_1p_10_50_C0G_0402","CAP0402_SENSE_DVT","","","","","","","=Value","","","","","","","","","","","","C1005C0G1H010B050BA","","","","","","0402","C0G","10%","1p","TDK","50V","*","C?","Chip capacitor"
"C_1u_10_16_X5R_0603","CAP0603_SENSE_DVT","","","","","","","=Value","","","","","","","","","","","","C0603C105K4PACTU","","","","","","0603","X5R","10%","1u","TDK","16V","*","C?","Chip capacitor"
"C_1u_10_50_X5R_0603","CAP0603_SENSE_DVT","","","","","","","=Value","","","","","","","","","","","","UMK107BJ105KA-T","","","","","","0603","X5R","10%","1u","Taiyo Yuden","50V","*","C?","Chip capacitor"
"C_1u_10_6.3_X5R_0201","CAP0201","","","","","","","=Value","","","","","","","","","","","","CL03A105KQ3CSNC","","","","","","0201","X5R","10%","1u","Samsung","6.3V","*","C?","Chip capacitor"
"C_1u_10_6.3_X5R_0402","CAP0402_SENSE_DVT","","","","","","","=Value","","","","","","","","","","","","JMK105BJ105KV-F","","","","","","0402","X5R","10%","1u","Taiyo Yuden","6.3V","*","C?","Chip capacitor"
"C_1u_10_6.3_X7R_0805","CAP0805_SENSE_DVT","","","","","","","=Value","","","","","","","","","","","","CGJ4J2X7R0J105K125AA","","","","","","0805","X7R","10%","1u","TDK","6.3","*","C?","Chip capacitor"
"C_2.2p_0.05_50_C0G_0402","CAP0402_SENSE_DVT","","","","","","","=Value","","","","","","","","","","","","GRM1555C1H2R2WA01D","","","","","","0402","C0G","0.05","2.2 p","Murata","50 V","*","C?","Chip capacitor"
"C_2.2u_10_10_X7R_0603","CAP0603_SENSE_DVT","","","","","","","=Value","","","","","","","","","","","","C1608X7R1A225K080AC","","","","","","0603","X7R","10%","2.2u","TDK","10V","*","C?","Chip capacitor"
"C_2.2u_10_16_X7R_1206","CAP1206_SENSE_DVT","","","","","","","=Value","","","","","","","","","","","","C3216X7R1C225K/1.60","","","","","","1206","X7R","10%","2.2u","TDK","16V","*","C?","Chip capacitor"
"C_2.2u_10_20_3528_Tant","Tant_EIA_3528","","","","","","","=Value","","","","","","","","","","","","T494B225K020AT","","","","","","3528","","10%","2.2u","Kemet","20V","*","C?","Chip capacitor"
"C_2.2u_20_4_X7S_0306","CAP0306","","","","","","","=Value","","","","","","","","","","","","LLL185C70G225ME01L","","","","","","0306","X7S","20%","2.2u","Murata","4V","*","C?","Chip capacitor"
"C_2200p_5_16_STD_0402","CAP0402_SENSE_DVT","","","","","","","=Value","","","","","","","","","","","","EMK105SD222JV-F","","","","","","0402","Standard","5 %","2200p","Taiyo Yuden","16V","*","C?","Chip capacitor"
"C_220p_5_50_NP0_0402","CAP0402_SENSE_DVT","","","","","","","=Value","","","","","","","","","","","","GRM1555C1H221JA01D","","","","","","0402","NP0","5%","220p","Murata","50V","*","C?","Chip capacitor"
"C_220u_20_10_3528_Tant","Tant_EIA_3528","","","","","","","=Value","","","","","","","","","","","","TLNT227M010R1300","","","","","","3528","","20%","220u","Kemet","10V","*","C?","Chip capacitor"
"C_22n_10_25_X7R_0402","CAP0402_SENSE_DVT","","","","","","","=Value","","","","","","","","","","","","TMK105B7223KV-F","","","","","","0402","X7R","10%","22n","Taiyo Yuden","25V","*","C?","Chip capacitor"
"C_22n_10_50_X7R_0402","CAP0402_SENSE_DVT","","","","","","","=Value","","","","","","","","","","","","GRM155R71H223KA12J","","","","","","0402","X7R","10%","22n","Murata","50V","*","C?","Chip capacitor"
"C_22p_5_50_C0G_0805","CAP0805_SENSE_DVT","","","","","","","=Value","","","","","","","","","","","","CC0805JRNP09BN220","","","","","","0805","C0G","5%","22p","Yageo","50V","*","C?","Chip capacitor"
"C_22u_10_20_JB_0603","CAP0603_SENSE_DVT","","","","","","","=Value","","","","","","","","","","","","C1608JB1A226M080AC","","","","","","0603","JB","20%","22u","TDK","10V","*","C?","Chip capacitor"
"C_22u_10_25_X5R_1210","CAP1210","","","","","","","=Value","","","","","","","","","","","","GRM32ER61E226KE15L","","","","","","1210","X5R","10%","22u","Murata","25V","*","C?","Chip capacitor"
"C_27p_2_25_NP0_0201","CAP0201","","","","","","","=Value","","","","","","","","","","","","250R05L270GV4T","","","","","","0201","NP0","2 %","27p","Johanson","25V","*","C?","Chip capacitor"
"C_27p_5_50_C0G_0201","CAP0201","","","","","","","=Value","","","","","","","","","","","","UMK063CG270JT-F","","","","","","0201","C0G","5 %","27p","Taiyo Yuden","50V","*","C?","Chip capacitor"
"C_3.3u_10_10_0603_Tant","CAP0603_POLARIZED","","","","","","","=Value","","","","","","","","","","","","TPCL335K010R5000","","","","","","0603","","10%","3.3u","AVX","10V","*","C?","Chip capacitor"
"C_3.3u_10_6.3_X7R_0805","CAP0805_SENSE_DVT","","","","","","","=Value","","","","","","","","","","","","CGJ4J2X7R0J335K125AA","","","","","","0805","X7R","10%","3.3u","TDK","6.3V","*","C?","Chip capacitor"
"C_33p_5_50_NP0_0603","CAP0603_SENSE_DVT","","","","","","","=Value","","","","","","","","","","","","C1608C0G1H330J080AA","","","","","","0603","NP0","5%","33p","TDK","50V","*","C?","Chip capacitor"
"C_4.7u_10_10_0603_Tant","CAP0603_POLARIZED","","","","","","","=Value","","","","","","","","","","","","TPCL475K010R5000","","","","","","0603","","10%","4.7u","AVX","10V","*","C?","Chip capacitor"
"C_4.7u_10_10_JB_0402","CAP0402_SENSE_DVT","","","","","","","=Value","","","","","","","","","","","","C1005JB1A475K050BC","","","","","","0402","JB","10%","4.7u","TDK","10V","*","C?","Chip capacitor"
"C_4.7u_10_10_X5R_0805","CAP0805_SENSE_DVT","","","","","","","=Value","","","","","","","","","","","","0805ZD475KAT2A","","","","","","0805","X5R","10%","4.7u","AVX","10V","*","C?","Chip capacitor"
"C_4.7u_20_10_X5R_0603","CAP0603_SENSE_DVT","","","","","","","=Value","","","","","","","","","","","","CGB3B1X5R1A475M055AC","","","","","","0603","X5R","20%","4.7u","TDK","10V","*","C?","Chip capacitor"
"C_4.7u_20_6.3_X5R_0603","CAP0603_SENSE_DVT","","","","","","","=Value","","","","","","","","","","","","GRM188R60J475ME19D","","","","","","0603","X5R","20%","4.7u","Murata","6.3V","*","C?","Chip capacitor"
"C_4700p_10_50_X7R_0603","CAP0603_SENSE_DVT","","","","","","","=Value","","","","","","","","","","","","CGA3E2X7R1H472K080AD","","","","","","0603","XR7","10%","4700p","TDK","50V","*","C?","Chip capacitor"
"C_4700p_5_50_NP0_0603","CAP0603_SENSE_DVT","","","","","","","=Value","","","","","","","","","","","","C1608C0G1H472J080AA","","","","","","0603","NP0","5%","4700p","TDK","50V","*","C?","Chip capacitor"
"C_47u_20_10_X5R_0805","CAP0805_SENSE_DVT","","","","","","","=Value","","","","","","","","","","","","C2012X5R1A476M125AC","","","","","","0805","X5R","20%","47u","TDK","10V","*","C?","Chip capacitor"
"C_6.8p_0.25_25_C0G_0201","CAP0201","","","","","","","=Value","","","","","","","","","","","","GJM0335C1E6R8CB01D","","","","","","0201","C0G","+/- 0.25p","6.8p","Murata","25V","*","C?","Chip capacitor"
"C_9p_0.5_16_C0G_0402","CAP0402_SENSE_DVT","","","","","","","=Value","","","","","","","","","","","","C0402C0G1C090D020BC","","","","","","0402","C0G","0.5","9p","Murata","16V","*","C?","Chip capacitor"
"Cap-SMT","CAP0201","CAP0402","CAP0306","CAP0603","","","","=Value","","","","","","","","","","","*","","","","","","","0201","X5R","10%","*","Taiyo Yuden","25v","*","C?","Chip capacitor"
"Cortex-debug_10pin","","","","","","","","=PN","","","","","","","","","","","","FTSH-105-01-F-DV-K","","","","","","","","","","Samtec","","*","J?","Cortex debug connector with JTAG interface"
"Crystal_12M_30_30_12_200","TXC_7S_crystal","","","","","","","=PN","","","","","","","","","","","","7S-12.000MAHE-T","","","","","","","","","","TXC","","*","X?","12 MHz crystal"
"Crystal_12M_50_30_18_50","Abracon_HC/49US","","","","","","","=PN","","","","","","","","","","","","ABLS-12.000MHZ-B4-T","","","","","","","","","","Abracon","","*","X?","12 MHz crystal"
"Crystal_24M_50_30_18_40","Abracon_HC/49US","","","","","","","=PN","","","","","","","","","","","","ABLS-24.000MHZ-B4-T","","","","","","","","","","Abracon","","*","X?","24 MHz crystal"
"Crystal_32.768k_-_10_12.5_50k","ABS25","","","","","","","=PN","","","","","","","","","","","","ABS25-32.768KHZ-6-1-T","","","","","","","","","","Abracon","","*","X?","32.768kHz crystal"
"Crystal_4.096M_30_30_18_180","Abracon_HC/49US","","","","","","","=PN","","","","","","","","","","","","ABLS2-4.096MHZ-D4Y-T","","","","","","","","","","Abracon","","*","X?","4.096 MHz crystal"
"Crystal_40M_50_50_18_50","ABM3B_CRYSTAL","","","","","","","=PN","","","","","","","","","","","","ABM3B-40.000MHZ-10-1-U-T","","","","","","","","","","Abracon","","*","X?","Abracon 40 MHz crystal"
"Crystal_48M_20_20_8_100","ABM12_crystal","","","","","","","=PN","","","","","","","","","","","","ABM12-48.000MHZ-B2X-T3","","","","","","","","","","Abracon","","*","X?","48 MHz crystal"
"Cuttable_trace_0.25mm","cuttable_trace_0.25","","","","","","","*","","","","","","","","","","","","","","","","","","","","","","","","*","T?","0.25 mm cuttable trace for debugging purpose"
"DAC7512","SOT-23-6","","","","","","","=PN","","","","","","","","","","","","DAC7512","","","","","","","","","","TI","","*","U?","TI 12-bit serial DAC"
"DEA202450BT-1294C1-H","DEA202450BT-1294C1-H","","","","","","","=PN","","","","","","","","","","","","DEA202450BT-1294C1-H","","","","","","","","","","TDK","","*","U?","SAW filter for 2.4 GHz WLAN"
"DIO_1SS404TPH3F","SOD-323","","","","","","","=PN","","","","","","","","","","","","1SS404TPH3F","","","","","","","","","","Toshiba","","*","D?","Schottky diode, 700 mA, 20 Vr"
"DTC114EMT2L","DTC114EM","","","","","","","*","","","","","","","","","","","","DTC114EM","","","","","","","","","","Rohm","","*","Q?","NPN Digital transistor (built-in bias resistors)"
"ELJ-QE12NGFA","IND_0603","IND_0402","","","","","","12nH","","","","","","","","","","","","","","","","","","","","","","","","*","L?","Panasonic chip inductor 0603 +-2% Q61.9 @800MHz Resonant 4.9GHz"
"EXB18V","EXB18V","","","","","","","=Value","","","","","","","","","","","","","","","","","","","","","50","","","*","R?","Panasonic Resistor Network (4x 0201)"
"Epson_FC-135 32.7680KA-AC3","Epson_FC-135","","","","","","","=PN","","","","","","","","","","","","FC-135 32.7680KA-AC3","","","","","","","","","","Epson","","*","X?","Epson 32kHz crystal, 9pF"
"FB_1k_2_0.06_1810","RES1810","","","","","","","=PN","","","0.06 ohm","","","","1k","","","","","FBMH4525HM162NT","","","","2 A","","","","","","Taiyo Yuden","","*","FB?","Ferrite bead, 1kohm impedance"
"FB_300_2_0.15_0603","RES0603_SENSE_DVT","","","","","","","=PN","","","0.15 ohm","","","","300","","","","","742792641","","","","2 A","","","","","","Wuerth","","*","FB?","Ferrite bead, 300 ohm impedance"
"FB_600_1.5_100m","RES0805","","","","","","","=Value","1.5","100m","","","","600","","","","","*","MI0805K601R-10","","","","","","0805","","","","Laird","","*","FB?","Chip Resistor"
"FCI_USB_micro_B","FCI_10103593-0001LF","","","","","","","*","","","","","","","","","","","","10103593-0001LF","","","","","","","","","","FCI","","*","P?","board-cut USB connector"
"FCI_USB_micro_B_10103592","FCI_10103592-0001LF","","","","","","","*","","","","","","","","","","","","10103592-0001LF","","","","","","","","","","FCI","","*","P?","board-cut USB connector"
"Fiducial-0.5","Fiducial-0.5","","","","","","","Fiducial","","","","","","","","","","","","","","","","","","","","","","","","*","F?","Fiducial with 0.5mm radius and 0.5mm paste expansion"
"G3T22","GT32X_upright_toggle","","","","","","","=PN","","","","","","","","","","","","G3T22","","","","","","","","","","NKK Switches","","*","SW?","DPDT Sealed switch"
"GP2Y1010AU0F","JST_S6B-ZR-SM4A-TF (LF)(SN)(P)","","","","","","","=PN","","","","","","","","","","","","GP2Y1010AU0F","","","","","","","","","","Sharp","","*","U?","Sharp dust sensor"
"GRPB31VWTC-RC","GRPB31VWTC-RC","","","","","","","GRPB31VWTC-RC","","","","","","","","","","","","GRPB31VWTC-RC","","","","","","","","","","Sullins","","*","J?","Sullivan 3-pin 1.27mm pitch SMD header"
"GSD4e","BGA48","","","","","","","CSR GSD4e","","","","","","","","","","","","","","","","","","","","","","","","*","U?","CSR GSD4e WLCSP 42-ball"
"HDR1X2","HDR1X2","","","","","","","HDR1X2","","","","","","","","","","","","68000-102HLF","","","","","","","","","","FCI","","","P?","Header, 2-pin"
"HDR1X4","HDR1X4","","","","","","","HDR1X4","","","","","","","","","","","","68000-104HLF","","","","","","","","","","FCI","","","P?","Header, 4-pin"
"HDR2.00-2X3-SMD","HDR2.00-2X3-SMD","","","","","","","=Description","","","","","","","","","","","","","","","","","","","","","","","","*","P?","BOB headers"
"HTU21D","HTU2xx","","","","","","","=PN","","","","","","","","","","","","HTU21D","","","","","","","","","","Measurement specialties","","*","U?","Meas-spec T/H sensor"
"Hole","HOLE_ROUND_0.6mm","HOLE_ROUND_1.6mm","HOLE_ROUND_1.7mm","HOLE_ROUND_2.4mm","HOLE_ROUND_3.1mm","HOLE_ROUND_2.1mm","HOLE_ROUND_1.8mm","*","","","","","","","","","","","","","","","","","","","","","","","","*","H?","general purpose hole"
"I587","I587","","","","","","","I587 TCXO 16.384MHz","","","","","","","","","","","","","","","","","","","","","","","","*","X?","ISLI I587 TCXO 16.384MHz"
"ID_BLOCK","Hello Band","","","","","","","*","","","","","","","","","","","","","","","","","","","","","","","","*","*","(DNP)"
"IL3X","IL3X","","","","","","","IL3X 32.768 MHz","","","","","","","","","","","","","","","","","","","","","","","","*","X?","ILSI IL3X Crystal Oscillator 32.768 MHz"
"ILCX19-FB5F18-16.000MHz","ILCX19","","","","","","","ILCX19-FB5F18-16.000MHz","","","","","","","","","","","","ILCX19-FB5F18-16.000MHz","","","","","","","","","","ILSI","","*","X?","ILSI ILCX19 16 MHz Crystal Oscillator"
"INA199A1RSW","UQFN10","","","","","","","*","","","","","","","","","","","","INA199A1RSW","","","","","","","","","","TI","","*","U?","Voltage output current shunt monitor"
"INMP421","INMP421_broken","INMP421","","","","","","=PN","","","","","","","","","","","","INMP421","","","","","","","","","","InvenSense","","*","U?","Omnidirectional digital microphone with PDM interface"
"INMP441","INMP441","","","","","","","=PN","","","","","","","","","","","","INMP441","","","","","","","","","","InvenSense","","*","U?","Omnidirectional digital microphone with I2S interface"
"JST_S6B-ZR-SM4A-TF (LF)(SN)(P)","JST_S6B-ZR-SM4A-TF (LF)(SN)(P)","","","","","","","=PN","","","","","","","","","","","","JST_S6B-ZR-SM4A-TF (LF)(SN)(P)","","","","","","","","","","JST","","*","P?","6-pin JST connector"
"JTAG ZIF Socket","51441-0893","","","","","","","JTAG Socket","","","","","","","","","","","","","","","","","","","","","","","","*","C?","Molex 8-pin ribbon ZIF socket"
"Johanson_2500AT44M0400E","Johanson_2500AT44M0400E","","","","","","","=PN","","","","","","","","","","","","2500AT44M0400E","","","","","","","","","","Johanson","","*","ANT?","Chip antenna 2.4 GHz"
"Knowles_2403-260-00001","Knowles_2403-260-00001","","","","","","","=PN","","","","","","","","","","","","2403-260-00001","","","","","","","","","","Knowles","","*","SP?","Knowles SMD speaker"
"LAYER_BLOCK","Layer Stackup","","","","","","","*","","","","","","","","","","","","","","","","","","","","","","","","*","*","(DNP)"
"LM3370SD-4221","wson-16","","","","","","","=PN","","","","","","","","","","","","LM3370SD-4221","","","","","","","","","","TI","","*","U?","TI PMIC with fixed 3.3 and 1.8 outputs"
"LM3673TL-1.8","DSBGA-5","","","","","","","=PN","","","","","","","","","","","","LM3673TL-1.8","","","","","","","","","","TI","","*","U?","TI switcher 1.8V regulator"
"LP5907MFX-3.3","SOT-23-5","","","","","","","=PN","","","","","","","","","","","","LP5907MFX-3.3","","","","","","","","","","TI","","*","U?","TI LDO 3.3V regulator"
"LSM330DLC","LGA-28","","","","","","","LSM330DLC","","","","","","","","","","","","","","","","","","","","","","","","*","U?","ST Micro LSM330DLC SPI Acceleromter / Gyroscope"
"LTST-C19HE1WT","DFN165X210X160X80-4N","","","","","","","=PN","","","","","","","","","","","","LTST-C19HE1WT","","","","","","","","","","LITE-ON","","","D?","RGB LED Array"
"L_10u_20_?_0.468_0.68_0.48","IND_1007","","","","","","","=Value","","","","0.68","0.48","","","","","","","CBC2518T100M","","","?","","0.468","","","20%","10u","Taiyo Yuden","","*","L?","SMD power inductor, 10uH"
"L_15u_20_28_0.24_0.92_1.4","SDR0403-xxxxL","","","","","","","=Value","","","","0.92","1.40","","","","","","","SDR0403-150ML","","","28","","0.24","","","20%","15u","BOURNS","","*","L?","SMD power inductor, 15uH"
"L_1n_0.1_?_0.100_0.4_?","RES0402_SENSE_DVT","","","","","","","=Value","","","","0.4","?","","","","","","","LQP15MN1N0B02","","","?","",".100","","","0.1","1n","Murata","","*","L?","SMD RF inductor 2.2nH"
"L_1u_20_?_0.055_?_1.6","IND_1008","","","","","","","=Value","","","","1.6","?","","","","","","","LQM2HPN1R0MG0","","","?","","0.055","","","20%","1u","Murata","","*","L?","SMD power inductor, 1uH"
"L_1u_20_?_0.059_1.94_1.68","EPL2014-xxxMLx","","","","","","","=Value","","","","1.94","1.68","","","","","","","EPL2014-102MLB","","","?","","0.059","","","20%","1u","Coilcraft","","*","L?","SMD power inductor, 1uH"
"L_1u_20_?_0.12_?_1.2","IND_1206","","","","","","","=Value","","","","1.2","?","","","","","","","LQM31PN1R0M00","","","?","","0.12","","","20%","1u","Murata","","*","L?","SMD power inductor, 1uH"
"L_2.2n_0.1_?_0.150_0.9_?","IND_0402","","","","","","","=Value","","","","0.9","?","","","","","","","MLG1005S2N2BT000","","","?","","0.150","","","0.1","2.2n","TDK","","*","L?","SMD RF inductor 2.2nH"
"L_2.2u_20_?_0.08_?_1.3","IND_1008","","","","","","","=Value","","","","1.3","?","","","","","","","LQM2HPN2R2MG0","","","?","","0.08","","","20%","2.2u","Murata","","*","L?","SMD power inductor, 2.2uH"
"L_2.2u_20_?_0.195_1.05_1.05","VLS201612Ex-xxxx","","","","","","","=Value","","","","1.05","1.05","","","","","","","VLS201612ET-2R2M","","","?","","0.195","","","20%","2.2u","TDK","","*","L?","SMD power inductor, 2.2uH"
"L_2.2u_20_?_0.9_?_0.9","IND_1206","","","","","","","=Value","","","","0.9","?","","","","","","","LQM31PN2R2M00","","","?","","0.19","","","20%","2.2u","Murata","","*","L?","SMD power inductor, 2.2uH"
"L_22u_10_10_1_0.105_?","NLFV25-T-xxx-xx","","","","","","","=Value","","","","0.105","?","","","","","","","NLFV25T-220K-PF","","","10","","1","","","10%","22u","TDK","","*","L?","SMD power inductor, 22uH"
"M310210","M310210","M310210-2","M310210-3","","","","","M310210","","","","","","","","","","","","M310210","","","","","","","","","","Savvi","","*","A?","Savvi M310210 Bluetooth Antenna"
"M830110","M830110","M830110-2","","","","","","M830110","","","","","","","","","","","","","","","","","","","","","","","","*","A?","Savvi M830110 GPS Antenna"
"MAX4780","QFN127P600-8N","","","","","","","MAX4780","","","","","","","","","","","","","","","","","","","","","","","","*","U?","Maxim Quad 2:1 multiplexer"
"MAX9934T/F","uMAX8","","","","","","","*","","","","","","","","","","Vendor","","MAX9934T/F","","","","","","","","","","","","*","U?","High-precision low-voltage curren-sense amplifier with current output and chip select for multiplexing"
"MCP6001","MCP6001","","","","","","","=PN","","","","","","","","","","","","MCP6001","","","","","","","","","","Microchip","","*","OP?","Op Amp"
"MCP6002T-E/MC","MCP6002T-E/MC","","","","","","","*","","","","","","","","","","","","","","","","","","","","","","","","*","Op?","Microchip MCP6002T-E/MC 1MHz Dual Low Power OpAmp"
"MHDR1X2","MHDR1X2","","","","","","","MHDR1X2","","","","","","","","","","","","GRPB021VWVN-RC","","","","","","","","","","Sullins connector","","","P?","Header, 2-Pin"
"MHDR1X3","MHDR1X3","","","","","","","MHDR1X3","","","","","","","","","","","","GRPB031VWVN-RC","","","","","","","","","","Sullins connector","","","P?","Header, 3-Pin"
"MHDR1X6","MHDR1X6","","","","","","","MHDR1X6","","","","","","","","17-Jul-2002","Re-released for DXP Platform.","","","","","Altium Limited","","","","","","","","","","","P??","Header, 6-Pin"
"MHDR2X10_SMD","MHDR2X10_SMD","","","","","","","MHDR2X10_SMD","","","","","","","","","","","","GRPB102VWQS-RC","","","","","","","","","","Sullins Interconnect","","","P?","Header, 20-Pin, Dual row SMD"
"MHDR2X3","MHDR2X3","","","","","","","MHDR2X3","","","","","","","","17-Jul-2002","Re-released for DXP Platform.","","","","","Altium Limited","","","","","","","","","","","P??","Header, 6-Pin, Dual row"
"MHDR2X5_SMD","MHDR2X5_SMD","","","","","","","MHDR2X5_SMD","","","","","","","","","","","","GRPB052VWQS-RC","","","","","","","","","","Sullins Interconnect","","","P?","Header, 10-Pin, Dual row SMD"
"MHDR2X6_SMD","MHDR2X6 _SMD","","","","","","","MHDR2X6_SMD","","","","","","","","","","","","GRPB062VWQS-RC","","","","","","","","","","Sullins Interconnect","","","P?","Header, 12-Pin, Dual row SMD"
"MIC_MP33AB01","MIC_MP33AB01","","","","","","","=PN","","","","","","","","","","","","MP33AB01","","","","","","","","","","ST","","*","MIC?","ST analog microphone"
"MIC_SPQ0410HR5H-B","MIC_SPQ0410HR5H-B","","","","","","","=PN","","","","","","","","","","","","SPQ0410HR5H-B","","","","","","","","","","Knowles","","*","MIC?","Knowles analog microphone"
"MIC_SPU0414HR5H-SB","MIC_SPU0414HR5H-SB","","","","","","","=PN","","","","","","","","","","","","SPU0414HR5H-SB","","","","","","","","","","Knowles","","*","MIC?","Knowles analog microphone"
"MINI51ZAN","QFN-33_5x5mm","","","","","","","=PN","","","","","","","","","","","","MINI51ZAN","","","","","","","","","","Nuvoton","","*","U?","Cortex M0 uC"
"MK20DN512AB10R","WLCSP-120_0.4","","","","","","","=PN","","","","","","","","","","","","MK20DN512AB10R","","","","","","","","","","Freescale","","*","U?","Freescale M4F microprocessor"
"MKL05Z8VFM4","QFN-33_5x5mm","","","","","","","=PN","","","","","","","","","","","","MKL05Z8VFM4","","","","","","","","","","Freescale","","*","U?","Freescale M0 uC, 48-MHz, QFN-33"
"MP33AB01H","MP33AB01H","","","","","","","=PN","","","","","","","","","","","","MP33AB01H","","","","","","","","","","ST","","*","U?","MEMS audio SMD bottom port analog microphone"
"MPU-6500","QFN40P300X300X95_HS-25N","","","","","","","=PN","","","","","","","","","","","","MPU-6500","","","","","","","","","","Invensense","","*","U?","InvenSense MPU-6500 6-axis accelerometer and gyroscope"
"MSS1P4","MSS1P4","","","","","","","MSS1P4","","","","","","","","","","","","","","","","","","","","","","","","*","D?","Schottcky Diode"
"MX25U12835F","WSON 8L","","","","","","","MX25U12835F","","","","","","","","","","","","MX25U12835F","","","","","","","","","","Macronix","","*","U?","Macronix MX25U12835F SPI NOR Flash"
"NAU8814YG","QFN-24_0.5","","","","","","","=PN","","","","","","","","","","","","NAU8814YG","","","","","","","","","","Nuvoton","","*","U?","Nuvoton Audio Codec"
"NSVBAT54WT1G","SOT-323","","","","","","","=PN","","","","","","","","","","","","NSVBAT54WT1G","","","","","","","","","","Onsemi","","*","D?","Single small signal schottky diode"
"Net tie","Net_tie","","","","","","","NT","","","","","","","","","","","","","","","","","","","","","","","","*","NT?","Net tie"
"Net tie_50mil","Net_tie_50mil","","","","","","","NT","","","","","","","","","","","","","","","","","","","","","","","","*","NT?","Net tie to bridge 50 mil spacing connector holes"
"OPA314AIDBV","SOT95P280X145-5N","","","","","","","=PN","","","","","","","","","","","","OPA314AIDBV","","","","","","","","","","TI","","*","U?","TI single 1.8-5.5V OPAMP"
"OPA314AIDCKT","SC-70-5","","","","","","","=PN","","","","","","","","","","","","OPA314AIDCKT","","","","","","","","","","TI","","*","U?","TI single 1.8-5.5V OPAMP"
"Osc_160M_HCMOS,TTL_3.3_50_60m","","","","","","","","=PN","","","","","","","","","","","","CB3LV-3I-160M0000","","","","","","","","","","CTS","","*","X?","160MHz Oscillator"
"P50-B1","P50-B1","","","","","","","P50-B1","","","","","","","","","","","","","","","","","","","","","","","","*","PP?","P50-B1 Conical tipped pogo pin"
"PE4259","SOT65P212X110-6N","","","","","","","=PN","","","","","","","","","","","","PE4259","","","","","","","","","","Peregrine semiconductor","","","U?","RF Switch"
"R5405","DFN1616-6","","","","","","","R5405L273KF","","","","","","","","","","","","","","","","","","","","","","","","*","U?","Ricoh Li-ion/Polymer Battery Protection"
"REF5030IDGKT","SOIC-8_0.65","","","","","","","=PN","","","","","","","","","","","","REF5030IDGKT","","","","","","","","","","TI","","*","U?","3.0V voltage reference"
"REF5045IDGKT","SOIC-8_0.65","","","","","","","=PN","","","","","","","","","","","","REF5045IDGKT","","","","","","","","","","TI","","*","U?","4.5V voltage reference"
"RSX-10","RSX-10","","","","","","","RSX-10","","","","","","","","","","","","","","","","","","","","","","","","*","X?","Rakon RSX-10 16MHz XTAL"
"R_0.02_1_0.5_0805","RES0805_SENSE_DVT","","","","","","","=Value","","","","","","","","","","","*","ERJ-6BWFR020V","0.5","","","","","0805","","1 %","0.02","Panasonic","","*","R?","Chip Resistor"
"R_0.1_0.1_2_3637","Y14880R10000B9R","","","","","","","=Value","","","","","","","","","","","*","Y14880R10000B9R","2 W","","","","","3637","","0.1 %","0.1","Vishay Foil Resistors","","*","R?","Chip Resistor"
"R_0.5_0.5_1_2516","Y08560R50000D9W","","","","","","","=Value","","","","","","","","","","","*","Y08560R50000D9W","1 W","","","","","2516","","0.5 %","0.5","Vishay Foil Resistors","","*","R?","Chip Resistor"
"R_0_jumper_0.05_0201","RES0201","","","","","","","=Value","","","","","","","","","","","*","ERJ-1GE0R00C","0.05 W","","","","","0201","","Jumper","0","Panasonic","","*","R?","Chip Resistor"
"R_0_jumper_0.125_0805","RES0805_SENSE_DVT","","","","","","","=Value","","","","","","","","","","","*","ERJ-6GEY0R00V","0.125 W","","","","","0805","","Jumper","0","Panasonic","","*","R?","Chip Resistor"
"R_0_jumper_0.1_0402","RES0402_SENSE_DVT","","","","","","","=Value","","","","","","","","","","","*","ERJ-2GE0R00X","0.1 W","","","","","0402","","Jumper","0","Panasonic","","*","R?","Chip Resistor"
"R_0_jumper_0.25_0603","RES0603_SENSE_DVT","","","","","","","=Value","","","","","","","","","","","*","CRCW06030000Z0EAHP","0.25 W","","","","","0603","","Jumper","0","Vishay Dale","","*","R?","Chip Resistor"
"R_1.2k_0.5_0.063_0402","RES0402_SENSE_DVT","","","","","","","=Value","","","","","","","","","","","*","ERA-2AEB122X","0.063 W","","","","","0402","","0.5 %","1.2k","Panasonic","","*","R?","Chip Resistor"
"R_1.5k_1_0.1_0603","RES0603_SENSE_DVT","","","","","","","=Value","","","","","","","","","","","*","ERJ-3EKF1501V","0.1 W","","","","","0603","","1 %","1.5k","Panasonic","","*","R?","Chip Resistor"
"R_1.5k_5_0.1_0402","RES0402_SENSE_DVT","","","","","","","=Value","","","","","","","","","","","*","ERJ-2GEJ152X","0.1 W","","","","","0402","","5 %","1.5k","Panasonic","","*","R?","Chip Resistor"
"R_1.8M_5_0.125_0805","RES0805_SENSE_DVT","","","","","","","=Value","","","","","","","","","","","*","ERJ-6GEYJ185V","0.125 W","","","","","0805","","5 %","1.8M","Panasonic","","*","R?","Chip Resistor"
"R_100_1_0.1_0402","RES0402_SENSE_DVT","","","","","","","=Value","","","","","","","","","","","*","ERJ-2RKF1000X","0.1 W","","","","","0402","","1 %","100","Panasonic","","*","R?","Chip Resistor"
"R_100k_0.5_0.05_0201","RES0201","","","","","","","=Value","","","","","","","","","","","*","ERJ-1RHD1003C","0.05 W","","","","","0201","","0.5 %","100k","Panasonic","","*","R?","Chip Resistor"
"R_100k_1_0.05_0201","RES0201","","","","","","","=Value","","","","","","","","","","","*","ERJ-1GEF1003C","0.05 W","","","","","0201","","1 %","100k","Panasonic","","*","R?","Chip Resistor"
"R_100k_1_0.1_0402","RES0402_SENSE_DVT","","","","","","","=Value","","","","","","","","","","","*","ERJ-2RKF1003X","0.1 W","","","","","0402","","1 %","100k","Panasonic","","*","R?","Chip Resistor"
"R_100k_5_0.05_0201","RES0201","","","","","","","=Value","","","","","","","","","","","*","ERJ-1GEJ104C","0.05 W","","","","","0201","","5 %","100k","Panasonic","","*","R?","Chip Resistor"
"R_100k_5_0.125_0805","RES0805_SENSE_DVT","","","","","","","=Value","","","","","","","","","","","*","ERJ-6GEYJ104V","0.125 W","","","","","0805","","5 %","100k","Panasonic","","*","R?","Chip Resistor"
"R_10_0.5_0.5_2516","Y160710R0000D9W","","","","","","","=Value","","","","","","","","","","","*","Y160710R0000D9W","0.5 W","","","","","2516","","0.5 %","10","Vishay Foil Resistors","","*","R?","Chip Resistor"
"R_10_1_0.1_0402","RES0402_SENSE_DVT","","","","","","","=Value","","","","","","","","","","","*","ERJ-2RKF10R0X","0.1 W","","","","","0402","","1 %","10","Panasonic","","*","R?","Chip Resistor"
"R_10_5_0.125_0805","RES0805_SENSE_DVT","","","","","","","=Value","","","","","","","","","","","*","ERJ-6GEYJ100V","0.1 W","","","","","0805","","5 %","10","Panasonic","","*","R?","Chip Resistor"
"R_10_5_1_2512","RES2512","","","","","","","=Value","","","","","","","","","","","*","ERJ-1TYJ100U","1 W","","","","","2512","","5 %","10","Panasonic","","*","R?","Chip Resistor"
"R_10k_0.5_0.063_0402","RES0402_SENSE_DVT","","","","","","","=Value","","","","","","","","","","","*","ERA-2AED103X","0.063 W","","","","","0402","","0.5 %","10k","Panasonic","","*","R?","Chip Resistor"
"R_10k_1_0.05_0201","RES0201","","","","","","","=Value","","","","","","","","","","","*","ERJ-1GEF1002C","0.05 W","","","","","0201","","1 %","10k","Panasonic","","*","R?","Chip Resistor"
"R_10k_1_0.1_0402","RES0402_SENSE_DVT","","","","","","","=Value","","","","","","","","","","","*","ERJ-2RKF1002X","0.1 W","","","","","0402","","1 %","10k","Panasonic","","*","R?","Chip Resistor"
"R_10k_5_0.05_0201","RES0201","","","","","","","=Value","","","","","","","","","","","*","ERJ-1GEJ103C","0.05 W","","","","","0201","","5%","10k","Panasonic","","*","R?","Chip Resistor"
"R_10k_5_0.125_0805","RES0805_SENSE_DVT","","","","","","","=Value","","","","","","","","","","","*","ERJ-6GEYJ103V","0.125 W","","","","","0805","","5 %","10k","Panasonic","","*","R?","Chip Resistor"
"R_10k_5_0.1_0402","RES0402_SENSE_DVT","","","","","","","=Value","","","","","","","","","","","*","ERJ-2GEJ103X","0.1 W","","","","","0402","","5 %","10k","Panasonic","","*","R?","Chip Resistor"
"R_12.1k_1_0.1_0402","RES0402_SENSE_DVT","","","","","","","=Value","","","","","","","","","","","*","ERJ-2RKF1212X","0.1 W","","","","","0402","","1 %","12.1k","Panasonic","","*","R?","Chip Resistor"
"R_12k_0.5_0.063_0402","RES0402_SENSE_DVT","","","","","","","=Value","","","","","","","","","","","*","ERA-2AED123X","0.063 W","","","","","0402","","0.5 %","12k","Panasonic","","*","R?","Chip Resistor"
"R_150_1_0.1_0402","RES0402_SENSE_DVT","","","","","","","=Value","","","","","","","","","","","*","ERJ-2RKF1500X","0.1 W","","","","","0402","","1 %","150","Panasonic","","*","R?","Chip Resistor"
"R_150_5_0.125_0805","RES0805_SENSE_DVT","","","","","","","=Value","","","","","","","","","","","*","ERJ-6GEYJ151V","0.125 W","","","","","0805","","5 %","150","Panasonic","","*","R?","Chip Resistor"
"R_180_0.5_0.063_0402","RES0402_SENSE_DVT","","","","","","","=Value","","","","","","","","","","","*","ERA-2AED181X","0.063 W","","","","","0402","","0.5 %","180","Panasonic","","*","R?","Chip Resistor"
"R_1M_5_0.125_0805","RES0805_SENSE_DVT","","","","","","","=Value","","","","","","","","","","","*","ERJ-6GEYJ105V","0.125 W","","","","","0805","","5 %","1M","Panasonic","","*","R?","Chip Resistor"
"R_1_0.5_1_2516","Y08560R50000D9W","","","","","","","=Value","","","","","","","","","","","*","Y16061R00000B9W","1 W","","","","","2516","","0.1 %","1","Vishay Foil Resistors","","*","R?","Chip Resistor"
"R_1_5_0.1_0402","RES0402_SENSE_DVT","","","","","","","=Value","","","","","","","","","","","*","ERJ-2GEJ1R0X","0.1 W","","","","","0402","","5 %","1","Panasonic","","*","R?","Chip Resistor"
"R_1k_0.1_0.125_0805","RES0805_SENSE_DVT","","","","","","","=Value","","","","","","","","","","","*","ERA-6AEB102V","0.125 W","","","","","0805","","0.1 %","1k","Panasonic","","*","R?","Chip Resistor"
"R_1k_1_0.1_0402","RES0402_SENSE_DVT","","","","","","","=Value","","","","","","","","","","","*","ERJ-2RKF1001X","0.1 W","","","","","0402","","1 %","1k","Panasonic","","*","R?","Chip Resistor"
"R_1k_5_0.125_0805","RES0805_SENSE_DVT","","","","","","","=Value","","","","","","","","","","","*","ERJ-6GEYJ102V","0.125 W","","","","","0805","","5 %","1k","Panasonic","","*","R?","Chip Resistor"
"R_2.21k_1_0.1_0402","RES0402_SENSE_DVT","","","","","","","=Value","","","","","","","","","","","*","ERJ-2RKF2211X","0.1 W","","","","","0402","","1 %","2.21k","Panasonic","","","R?","Chip Resistor"
"R_2.2k_1_0.05_0201","RES0201","","","","","","","=Value","","","","","","","","","","","*","ERJ-1GEF2201C","0.05 W","","","","","0201","","1 %","2.2k","Panasonic","","*","R?","Chip Resistor"
"R_2.32k_0.5_0.063_0402","RES0402_SENSE_DVT","","","","","","","=Value","","","","","","","","","","","*","ERA-2AEB2321X","0.063 W","","","","","0402","","0.5 %","2.32k","Panasonic","","*","R?","Chip Resistor"
"R_2.7k_1_0.1_0603","RES0603_SENSE_DVT","","","","","","","=Value","","","","","","","","","","","*","ERJ-3EKF2701V","0.1 W","","","","","0603","","1 %","2.7k","Panasonic","","*","R?","Chip Resistor"
"R_2.7k_5_0.125_0805","RES0805_SENSE_DVT","","","","","","","=Value","","","","","","","","","","","*","ERJ-6GEYJ272V","0.125 W","","","","","0805","","5 %","2.7k","Panasonic","","*","R?","Chip Resistor"
"R_2.7k_5_0.1_0402","RES0402_SENSE_DVT","","","","","","","=Value","","","","","","","","","","","*","ERJ-2GEJ272X","0.1 W","","","","","0402","","5 %","2.7k","Panasonic","","*","R?","Chip Resistor"
"R_20k_1_0.1_0402","RES0402_SENSE_DVT","","","","","","","=Value","","","","","","","","","","","*","ERJ-2RKF2002X","0.1 W","","","","","0402","","1 %","20k","Panasonic","","*","R?","Chip Resistor"
"R_215k_1_0.1_0402","RES0402_SENSE_DVT","","","","","","","=Value","","","","","","","","","","","*","ERJ-2RKF2153X","0.1 W","","","","","0402","","1 %","215k","Panasonic","","*","R?","Chip Resistor"
"R_220_1_0.05_0201","RES0201","","","","","","","=Value","","","","","","","","","","","*","ERJ-1GEF2200C","0.125 W","","","","","0201","","1 %","220","Panasonic","","*","R?","Chip Resistor"
"R_22_5_0.125_0805","RES0805_SENSE_DVT","","","","","","","=Value","","","","","","","","","","","*","ERJ-6GEYJ220V","0.125 W","","","","","0805","","5 %","22","Panasonic","","*","R?","Chip Resistor"
"R_240k_5_0.125_0805","RES0805_SENSE_DVT","","","","","","","=Value","","","","","","","","","","","*","ERJ-6GEYJ244V","0.125 W","","","","","0805","","5 %","240k","Panasonic","","*","R?","Chip Resistor"
"R_270_5_0.1_0402","RES0402_SENSE_DVT","","","","","","","=Value","","","","","","","","","","","*","ERJ-2GEJ271X","0.1 W","","","","","0402","","5 %","270","Panasonic","","*","R?","Chip Resistor"
"R_294k_1_0.0625_0402","RES0402_SENSE_DVT","","","","","","","=Value","","","","","","","","","","","*","CR0402-16W-T943FT","0.0625 W","","","","","0402","","1 %","294k","Venko","","*","R?","Chip Resistor"
"R_2M_1_0.1_0603","RES0603_SENSE_DVT","","","","","","","=Value","","","","","","","","","","","*","RC0603FR-072ML","0.1 W","","","","","0603","","1 %","2M","Yageo","","*","R?","Chip Resistor"
"R_2_0.5_0.25_1610","Y11192R00000D9W","","","","","","","=Value","","","","","","","","","","","*","Y11192R00000D9W","0.25 W","","","","","1610","","0.5 %","2","Vishay Foil Resistors","","*","R?","Chip Resistor"
"R_2k_0.1_0.125_0805","RES0805_SENSE_DVT","","","","","","","=Value","","","","","","","","","","","*","ERA-6AEB202V","0.125 W","","","","","0805","","0.1 %","2k","Panasonic","","*","R?","Chip Resistor"
"R_2k_1_0.05_0201","RES0201","","","","","","","=Value","","","","","","","","","","","*","ERJ-1GEF2001C","0.05 W","","","","","0201","","1 %","2k","Panasonic","","*","R?","Chip Resistor"
"R_2k_5_0.5_0805","RES0805_SENSE_DVT","","","","","","","=Value","","","","","","","","","","","*","ERJ-P06J202V","0.5 W","","","","","0805","","5 %","2k","Panasonic","","*","R?","Chip Resistor"
"R_3.6k_1_0.1_0402","RES0402_SENSE_DVT","","","","","","","=Value","","","","","","","","","","","*","ERJ-2RKF3601X","0.1 W","","","","","0402","","1 %","3.6k","Panasonic","","*","R?","Chip Resistor"
"R_301k_1_0.125_0805","RES0805_SENSE_DVT","","","","","","","=Value","","","","","","","","","","","*","ERJ-6ENF3013V","0.125 W","","","","","0805","","1 %","301k","Panasonic","","*","R?","Chip Resistor"
"R_30_0.1_0.1_0805","RES0805_SENSE_DVT","","","","","","","=Value","","","","","","","","","","","*","2-1614884-8","0.1 W","","","","","0805","","0.1 %","30","TE Connectivity","","*","R?","Chip Resistor"
"R_324_1_0.125_0805","RES0805_SENSE_DVT","","","","","","","=Value","","","","","","","","","","","*","ERJ-6ENF3240V","0.125 W","","","","","0805","","1 %","324","Panasonic","","*","R?","Chip Resistor"
"R_33_5_0.1_0402","RES0402_SENSE_DVT","","","","","","","=Value","","","","","","","","","","","*","ERJ-2GEJ330X","0.1 W","","","","","0402","","5 %","33","Panasonic","","*","R?","Chip Resistor"
"R_3_5_0.05_0201","RES0201","","","","","","","=Value","","","","","","","","","","","*","ERJ-1GEJ3R0C","0.05 W","","","","","0201","","5 %","3","Panasonic","","*","R?","Chip Resistor"
"R_3k_0.1_0.125_0805","RES0805_SENSE_DVT","","","","","","","=Value","","","","","","","","","","","*","ERA-6ARB302V","0.125 W","","","","","0805","","0.1 %","3k","Panasonic","","*","R?","Chip Resistor"
"R_4.3k_5_0.1_0603","RES0603_SENSE_DVT","","","","","","","=Value","","","","","","","","","","","*","ERJ-3GEYJ432V","0.1 W","","","","","0603","","5 %","4.3k","Panasonic","","*","R?","Chip Resistor"
"R_42.2k_0.1_0.063_0402","RES0402_SENSE_DVT","","","","","","","=Value","","","","","","","","","","","*","ERA-2AEB4222X","0.063 W","","","","","0402","","0.1 %","42.2k","Panasonic","","*","R?","Chip Resistor"
"R_475_1_0.05_0201","RES0402","","","","","","","=Value","","","","","","","","","","","*","ERJ-1GEF4750C","0.05 W","","","","","0201","","1 %","475","Panasonic","","*","R?","Chip Resistor"
"R_475_1_0.1_0402","RES0402_SENSE_DVT","","","","","","","=Value","","","","","","","","","","","*","ERJ-2RKF4750X","0.1 W","","","","","0402","","1 %","475","Panasonic","","*","R?","Chip Resistor"
"R_47k_1_0.05_0201","RES0201","","","","","","","=Value","","","","","","","","","","","*","ERJ-1GEF4702C","0.05 W","","","","","0201","","1 %","47k","Panasonic","","*","R?","Chip Resistor"
"R_47k_1_0.2_0603","RES0603_SENSE_DVT","","","","","","","=Value","","","","","","","","","","","*","ERJ-P03F4702V","0.2 W","","","","","0603","","1 %","47k","Panasonic","","*","R?","Chip Resistor"
"R_48.7k_1_0.05_0201","RES0201","","","","","","","=Value","","","","","","","","","","","*","ERJ-1GEF4872C","0.05 W","","","","","0201","","1 %","48.7k","Panasonic","","*","R?","Chip Resistor"
"R_48.7k_1_0.1_0402","RES0402_SENSE_DVT","","","","","","","=Value","","","","","","","","","","","*","ERJ-2RKF4872X","0.1 W","","","","","0402","","1 %","48.7k","Panasonic","","*","R?","Chip Resistor"
"R_487k_1_0.05_0201","RES0201","","","","","","","=Value","","","","","","","","","","","*","ERJ-1GEF4873C","0.05 W","","","","","0201","","1 %","487k","Panasonic","","*","R?","Chip Resistor"
"R_49.9k_1_0.05_0201","RES0201","","","","","","","=Value","","","","","","","","","","","*","ERJ-1GEF4992C","0.05 W","","","","","0201","","1 %","49.9k","Panasonic","","*","R?","Chip Resistor"
"R_5.1k_5_0.125_0805","RES0805_SENSE_DVT","","","","","","","=Value","","","","","","","","","","","*","ERJ-6GEYJ512V","0.125 W","","","","","0805","","5 %","5.1 k","Panasonic","","*","R?","Chip Resistor"
"R_523k_1_0.05_0201","RES0201","","","","","","","=Value","","","","","","","","","","","*","ERJ-1GEF5233C","0.05 W","","","","","0201","","1 %","523k","Panasonic","","*","R?","Chip Resistor"
"R_523k_1_0.1_0402","RES0402_SENSE_DVT","","","","","","","=Value","","","","","","","","","","","*","ERJ-2RKF5233X","0.1 W","","","","","0402","","1 %","523k","Panasonic","","*","R?","Chip Resistor"
"R_56.2k_1_0.05_0201","RES0201","","","","","","","=Value","","","","","","","","","","","*","ERJ-1GEF5622C","0.05 W","","","","","0201","","1 %","56.2k","Panasonic","","*","R?","Chip Resistor"
"R_56.2k_1_0.1_0402","RES0402_SENSE_DVT","","","","","","","=Value","","","","","","","","","","","*","ERJ-2RKF5622X","0.1 W","","","","","0402","","1 %","56.2k","Panasonic","","*","R?","Chip Resistor"
"R_576k_1_0.125_0805","RES0805_SENSE_DVT","","","","","","","=Value","","","","","","","","","","","*","ERJ-6ENF5763V","0.125 W","","","","","0805","","1 %","576k","Panasonic","","*","R?","Chip Resistor"
"R_5k_0.1_0.2_0805","RES0805_SENSE_DVT","","","","","","","=Value","","","","","","","","","","","*","PNM0805E5001BST5","0.2 W","","","","","0805","","0.1 %","5k","Vishay Thin Film","","*","R?","Chip Resistor"
"R_6.8k_5_0.1_0603","RES0603_SENSE_DVT","","","","","","","=Value","","","","","","","","","","","*","ERJ-3GEYJ682V","0.1 W","","","","","0603","","5 %","6.8k","Panasonic","","*","R?","Chip Resistor"
"R_680_1_0.1_0603","RES0603_SENSE_DVT","","","","","","","=Value","","","","","","","","","","","*","ERJ-3EKF6800V","0.1 W","","","","","0603","","1 %","680","Panasonic","","*","R?","Chip Resistor"
"R_68_5_0.1_0402","RES0402_SENSE_DVT","","","","","","","=Value","","","","","","","","","","","*","ERJ-2GEJ680X","0.1 W","","","","","0402","","5 %","68","Panasonic","","*","R?","Chip Resistor"
"R_76.8k_1_0.1_0402","RES0402_SENSE_DVT","","","","","","","=Value","","","","","","","","","","","*","ERJ-2RKF7682X","0.1 W","","","","","0402","","1 %","76.8k","Panasonic","","*","R?","Chip Resistor"
"R_8.06k_1_0.05_0201","RES0201","","","","","","","=Value","","","","","","","","","","","*","ERJ-1GEF8061C","0.05 W","","","","","0201","","1 %","8.06k","Panasonic","","*","R?","Chip Resistor"
"R_86.6k_1_0.05_0201","RES0201","","","","","","","=Value","","","","","","","","","","","*","ERJ-1GEF8662C","0.05 W","","","","","0201","","1 %","86.6k","Panasonic","","*","R?","Chip Resistor"
"R_86.6k_1_0.1_0402","RES0402_SENSE_DVT","","","","","","","=Value","","","","","","","","","","","*","ERJ-2RKF8662X","0.1 W","","","","","0402","","1 %","86.6k","Panasonic","","*","R?","Chip Resistor"
"Res-SMT","CAP0201","CAP0402","","","","","","=Value","","","","","","","","","","","*","","1/6 W","","","","","0201","","10%","*","Panasonic","","*","R?","Chip Resistor"
"S25FL208K0RMFI041","SOIC-8","","","","","","","=PN","","","","","","","","","","","","S25FL208K0RMFI04","","","","","","","","","","Spansion","","*","U?","Spansion 8Mb Flash memory, SPI"
"SC8252","WLCSP4-1.53","","","","","","","SC8252","","","","","","","","","","","","","","","","","","","","","","","","*","U?","SamHop Dual N-Chan Enhancement Mode MOSFET"
"SFH4650","SFH4650","","","","","","","=PN","","","","","","","","","","","","SFH4650","","","","","","","","","","OSRAM","","*","LED?","OSRAM IR LED"
"SFH7050","SFH7050","","","","","","","=PN","","","","","","","","","","","","SFH7050","","","","","","","","","","OSRAM","","*","U?","BioMon sensor, 3 LEDs and one detectors"
"SHT2x","Sensirion_SHT2x","","","","","","","*","","","","","","","","","","","","","","","","","","","","","","","","*","*",""
"SI4501DY-T1-E3","SOIC-8","","","","","","","=PN","","","","","","","","","","","","SI4501DY-T1-E3","","","","","","","","","","Vishay","","*","Q?","Complementary MOSFET"
"SN74LVC1T45DCK","SC-70-6","","","","","","","=PN","","","","","","","","","","","","SN74LVC1T45DCK","","","","","","","","","","TI","","*","U?","Single-bit dual-supply bus transceiver"
"SPH0611LR5H","SPH0611","","","","","","","SPH0611LR5H","","","","","","","","","","","","SPH0611LR5H","","","","","","","","","","Knowles","","","M?","Knolwes Microphone"
"SPU0414HR5H-SB","BGA4C170X246P3.00X3.75X90","","","","","","","SPU0414","","","","","","","","","","","","SPU0414HR5H-SB","","","","","","","","","","Knowles","","","M?","Knolwes Microphone"
"SSM6N42FE","ES6","","","","","","","SSM6N42FE","","","","","","","","","","","","SSM6N42FE","","","","","","","","","","Toshiba","","*","Q?","Toshiba Dual N-Channel MOSFET 1.5v drive 20V 800ma"
"STM32F427BIT6","LQFP208","","","","","","","=PN","","","","","","","","","","","","STM32F427BIT6","","","","","","","","","","ST microelectronics","","*","U?","ST ARM-M4 uC"
"STM32F427ZIT6","LQFP144","","","","","","","=PN","","","","","","","","","","","","STM32F427ZIT6","","","","","","","","","","ST microelectronics","","*","U?","ST ARM-M4 uC"
"Shorted_Header_1x2","Short_HDR1x2","","","","","","","*","","","","","","","","","","","","","","","","","","","","","","","","*","J?","Shorted 1x2 header"
"Si1141","Si114x","","","","","","","=PN","","","","","","","","","","","","Si1141","","","","","","","","","","Silicon Labs","","*","U?","Proximity / UV / Ambient light sensor with I2C interface"
"Si1145","Si114x","","","","","","","=PN","","","","","","","","","","","","Si1145","","","","","","","","","","Silicon Labs","","*","U?","Proximity / UV / Ambient light sensor with I2C interface"
"Si1912EDH","SC-70-6","","","","","","","Si1912EDH","","","","","","","","","","","","Si1912EDH","","","","","","","","","","Vishay","","*","Q?","Vishay Dual N-Channel MOSFET 1.8v drive 20V 1A"
"Si8802DB","BGA-4","","","","","","","Si8802DB","","","","","","","","","","","","","","","","","","","","","","","","*","Q?","Vishay 8V N-channel MOSFET"
"Solderbridge_open_1mm","Solderbridge_open_1mm","","","","","","","*","","","","","","","","","","","","","","","","","","","","","","","","*","T?","Solderbridge, open"
"Solderbridge_open_2mm","Solderbridge_open_2mm","","","","","","","*","","","","","","","","","","","","","","","","","","","","","","","","*","T?","Solderbridge, open"
"Solderbridge_short_1mm","Solderbridge_short_1mm","","","","","","","*","","","","","","","","","","","","","","","","","","","","","","","","*","T?","Solderbridge, shorted"
"Solderbridge_short_2mm","Solderbridge_short_2mm","","","","","","","*","","","","","","","","","","","","","","","","","","","","","","","","*","T?","Solderbridge, shorted"
"TB62752BFUG","TB62755FPG","","","","","","","TB62752BFUG","","","","","","","","","","","","","","","","","","","","","","","","*","LD?","Toshiba LED Driver"
"TL3700AF160QG","TL3700AF160QG","","","","","","","=PN","","","","","","","","","","","","TL3700AF160QG","","","","","","","","","","E-switch","","*","SW?","SPST-NO tactile pushbutton 160gf"
"TLC5940RHB","QFN-33_5x5mm","","","","","","","=PN","","","","","","","","","","","","TLC5940RHB","","","","","","","","","","Texas Instruments","","*","U?","16 channels LED driver 120mA"
"TLV1117LV-33","SOT-223","","","","","","","TLV1117LV-33","","","","","","","","","","","","","","","","","","","","","","","","*","U?","TI LDO 3.3v 800ma IC Regulator 4.7-15v"
"TLV70033DSE","TLV70033DSE","","","","","","","*","","","","","","","","","","","","TLV70033DSE","","","","","","","","","","TI","","*","U?","LDO Regulator"
"TP","TP-0.3","TP-0.6","TP-1.1","","","","","*","","","","","","","","","","","","","","","","","","","","","","","","*","TP?","testpoint"
"TP-0.8","TP-0.8","","","","","","","TP-0.8","","","","","","","","","","","","","","","","","","","","","","","","*","TP-0.8","testpoint"
"TPS61160","QFN-6","","","","","","","*","","","","","","","","","","","","","","","","","","","","","","","","*","*","TI LED Driver"
"TPS61220DCKT","SOT65P212X110-6N","","","","","","","=PN","","","","","","","","","","","","TPS61220DCKT","","","","","","","","","","TI","","","U?","TI Boost Converter"
"TPS62120DCN","","","","","","","","=PN","","","","","","","","","","","","TPS62120DCN","","","","","","","","","","TI","","*","U?","15V, 75 mA DC/DC buck converter"
"TPS62125","TPS62125","","","","","","","=PN","","","","","","","","","","","","TPS62125","","","","","","","","","","TI","","*","U?","Bukc-Boost DC/DC converter 2A output"
"TPS63061DSC","TPS6306x","","","","","","","=PN","","","","","","","","","","","","TPS63061DSC","","","","","","","","","","TI","","*","U?","Bukc-Boost DC/DC converter 2A output"
"TPS79718DCK","SOT65P212X110-5N","","","","","","","=PN","","","","","","","","","","","","TPS79718DCK","","","","","","","","","","TI","","","U?","LDO 1.8V SC70-5"
"TP_0.875x0.5mm","5016","TP0875x050","","","","","","TP?","","","","","","","","","","","","","","","","","","","","","","","","*","TP?","Single-pad test point, 0.875x0.5mm"
"TP_1.6mm","TP-1.6","","","","","","","*","","","","","","","","","","","","","","","","","","","","","","","","*","TP?","testpoint"
"TS332IDT","SOIC-8","","","","","","","=PN","","","","","","","","","","","","TS332IDT","","","","","","","","","","ST","","*","U?","Analog Devices Comparator"
"TSL12PFN","TSL12PFN","","","","","","","TSL12PFN","","","","","","","","","","","","","","","","","","","","","","","","*","U?","AMS TSL12PFN 400-700nm Optical Sensor with integrated TIA"
"TSL45313-CLCT","TSL4531","","","","","","","=PN","","","","","","","","","","","","TSL45313-CLCT","","","","","","","","","","TAOS","","*","U?","Digital ambient light sensor"
"TSL45317-CLCT","TSL4531","","","","","","","=PN","","","","","","","","","","","","TSL45317-CLCT","","","","","","","","","","TAOS","","*","U?","Digital ambient light sensor"
"TVS_824022","SOT-23","","","","","","","=PN","","","","","","","","","","","","824022","","","","","","","","","","Wuerth","","*","D?","Wuerth dual TVS diode"
"TXS0108ERGYR","QFN50P450X350X100_HS-21N","","","","","","","=PN","","","","","","","","","","","","TXS0108ERGYR","","","","","","","","","","TI","","*","U?","8-BIT BIDIRECTIONAL VOLTAGE-LEVEL TRANSLATOR  FOR OPEN-DRAIN AND PUSH-PULL APPLICATIONS"
"TestPoint","TP-0.3","TP-0.4-Dual","","","","","","*","","","","","","","","","","","","","","","","","","","","","","","","*","TP?","Generic Test Point"
"TestPoint_hook_black","HOOK_1.7mm","","","","","","","*","","","","","","","","","","","","5006","","","","","","","","","","Keystone","","*","TP?","Hook Test Point"
"TestPoint_turret_2.4","TURRET_2.4mm","","","","","","","*","","","","","","","","","","","","2501-2-00-44-00-00-07-0","","","","","","","","","","Mill-Max","","*","TP?","Turret Test Point"
"U.FL-R-SMT-1","U.FL-R-SMT-1","","","","","","","=PN","","","","","","","","","","","","U.FL-R-SMT-1","","","","","","","","","","Hirose","","*","J?","U.FL type antenna connector"
"USB3315","QFN-24_0.5","","","","","","","=PN","","","","","","","","","","","","USB3315","","","","","","","","","","SMSC","","*","U?","Hi-speed USB transceiver with ULPI interface"
"USB4604","SQFN-48","","","","","","","*","","","","","","","","","","","","USB4604","","","","","","","","","","SMSC","","*","U?","4-port USB 2.0 hub controller"
"USB_micro_B","TE-2040343","","","","","","","*","","","","","","","","","","","","TE-2040343","","","","","","","","","","TE","","*","U?","board-cut USB connector"
"VCNL3020-GS08","vcnl3020","","","","","","","=PN","","","","","","","","","","","","VCNL3020-GS08","","","","","","","","","","Vishay","","*","U?","Proximity and ambient light sensor with IR emitter and I2C interface"
"VCNL4010","VCNL4010","","","","","","","=PN","","","","","","","","","","","","VCNL4010","","","","","","","","","","Vishay","","*","U?","Proximity and ambient light sensor with IR emitter and I2C interface plus interrupt"
"WS2812S","6PIN_WS2812","","","","","","","WS2812S","","","","","","","","","","","","","","","","","","","","","","","","","U?","WS2812S Intelligent control LED integrated light source"
"Wuerth-744232090","Wuert-744232090","","","","","","","=PN","","","","","","","","","","","","744232090","","","","","","","","","","Wuerth","","*","U?","Common mode line filter"
"Wuerth-824001","SOT-23-6","","","","","","","=PN","","","","","","","","","","","","824001","","","","","","","","","","Wuerth","","*","U?","ESD protection IC for 2 I/O channels and VDD"
"Wuerth-824011","SOT-23-5","","","","","","","=PN","","","","","","","","","","","","824011","","","","","","","","","","Wuerth","","*","U?","ESD protection IC for 2 I/O channels and VDD"
"XCL208","USP-10B03","","","","","","","*","","","","","","","","","","","","","","","","","","","","","","","","*","U?","Torex micro DC-DC Converter"
"ZHCS400","ZHCS400","","","","","","","ZHCS400","","","","","","","","","","","","","","","","","","","","","","","","*","D?","Schottky Diode"
"molex_105164-001","molex_105164-001","","","","","","","=PN","","","","","","","","","","","","105164-001","","","","","","","","","","Molex","","*","P?","Molex right-angle reverse flangeless USB Mini-B OTG receptacle"
"molex_47309-8651","molex_47309-8651","","","","","","","=PN","","","","","","","","","","","","47309-8651","","","","","","","","","","Molex","","*","P?","Molex SD card connector"
"molex_47420-0001","molex_47420-0001","","","","","","","=PN","","","","","","","","","","","","47420-0001","","","","","","","","","","Molex","","*","P?","Molex 4-pin spring connector 1.8 mm working height"
"molex_49597-2007","molex_49597-2007","","","","","","","=PN","","","","","","","","","","","","49597-2007","","","","","","","","","","Molex","","*","P?","Molex 20-pin 1.25mm pitch connector"
"molex_51281-2694","molex_51281-2694","","","","","","","=PN","","","","","","","","","","","","51281-2694","","","","","","","","","","Molex","","*","P?","Molex 26-pin 0.5mm pitch connector"
"molex_51387-0530","molex_51387-0530","","","","","","","molex_51387-0530","","","","","","","","","","","","","","","","","","","","","","","","*","P?","Molex right-angle USB Mini-B OTG receptacle with board guide"
"molex_52885-0374","molex_52885-0374","","","","","","","=PN","","","","","","","","","","","","52885-0374","","","","","","","","","","Molex","","*","P?","Molex 30-pin 0.635mm pitch receptacle connector"
"molex_53647-0374","molex_53647-0374","","","","","","","=PN","","","","","","","","","","","","53647-0374","","","","","","","","","","Molex","","*","P?","Molex 30-pin 0.635mm pitch plug connector"
"nRF51422_QF","VQFN40P600X600X100-48","","","","","","","=PN","","","","","","","","","","","","nRF51422-QF","","","","","","","","","","Nordic Semiconductor","","","U?","Multi-protocol Bluetooth Low Energy, ANT and 2.4GHz proprietary system-on-chip"
"nRF51822_QF","VQFN40P600X600X100-48","","","","","","","=PN","","","","","","","","","","","","nRF51822-QF","","","","","","","","","","Nordic Semiconductor","","","U?","Multi-protocol Bluetooth Low Energy and 2.4GHz proprietary system-on-chip"
